Workbook

Sheet Req. Funcionais (RF)
A1: UFCD 10790 – Levantamento de Requisitos Funcionais (RF) | Projeto: ___________________________ | Grupo: ___________
A2: Data: 02/06/2026 Versão: 1.0 Formador: Carlos Barata Estado geral: Em curso
A4: ID | B4: Nome do Requisito | C4: Descrição Detalhada | D4: Ator / Utilizador | E4: Estado
A5: RF01 | B5: Interface em consola | C5: A aplicação deve funcionar exclusivamente em linha de comandos (CLI). | D5: Alta | E5: Pendente
A6: RF02 | B6: Usabilidade | C6: O menu deve ser simples, intuitivo e utilizável sem formação prévia. | D6: Alta | E6: Pendente
A7: RF03 | B7: Desempenho | C7: As operações devem ser executadas em menos de 1 segundo. | D7: Média | E7: Pendente
A8: RF04 | B8: Portabilidade | C8: O programa deve funcionar em qualquer computador com Python instalado. | D8: Alta | E8: Pendente
A9: RF05 | B9: Estrutura modular | C9: O código deve estar organizado em funções para facilitar manutenção e leitura. | D9: Média | E9: Pendente
A10: RF06 | B10: Persistência de dados | C10: Os dados devem permanecer guardados mesmo após encerrar o programa. | D10: Alta | E10: Pendente
A11: RF07 | B11: Tratamento de erros | C11: O sistema deve lidar com entradas inválidas sem falhar ou encerrar inesperadamente. | D11: Alta | E11: Pendente
A12: RF08 | B12: Documentação | C12: O código deve incluir comentários explicativos para facilitar compreensão. | D12: Média | E12: Pendente
A13: RF09 | B13: Segurança básica | C13: O ficheiro de dados não deve corromper mesmo em encerramento inesperado. | D13: Baixa | E13: Pendente
A14: Total de requisitos Funcionais (RF) | E14: =COUNTA(A5:A13) -> 9
A15: Prioridade: Alta = obrigatório para a entrega | Média = importante mas não crítico | Baixa = nice-to-have

Sheet Req. Não Funcionais (RNF)
A1: UFCD 10790 – Levantamento de Requisitos Não Funcionais (RNF) | Projeto: Gestão de Tarefas
A2: Data: 02/06/2026 Versão: 1.0 Formador: Carlos Barata Estado geral: Em curso
A4: ID | B4: Nome do Requisito | C4: Descrição Detalhada | D4: Prioridade | E4: Estado
A5: RNF01 | B5: Interface em consola | C5: A aplicação deve funcionar exclusivamente em linha de comandos (CLI). | D5: Alta | E5: Pendente
A6: RNF02 | B6: Usabilidade | C6: O menu deve ser simples, intuitivo e utilizável sem formação prévia. | D6: Alta | E6: Pendente
A7: RNF03 | B7: Desempenho | C7: As operações devem ser executadas em menos de 1 segundo. | D7: Média | E7: Pendente
A8: RNF04 | B8: Portabilidade | C8: O programa deve funcionar em qualquer computador com Python instalado. | D8: Alta | E8: Pendente
A9: RNF05 | B9: Estrutura modular | C9: O código deve estar organizado em funções para facilitar manutenção e leitura. | D9: Média | E9: Pendente
A10: RNF06 | B10: Persistência de dados | C10: Os dados devem permanecer guardados mesmo após encerrar o programa. | D10: Alta | E10: Pendente
A11: RNF07 | B11: Tratamento de erros | C11: O sistema deve lidar com entradas inválidas sem falhar ou encerrar inesperadamente. | D11: Alta | E11: Pendente
A12: RNF08 | B12: Documentação | C12: O código deve incluir comentários explicativos para facilitar compreensão. | D12: Média | E12: Pendente
A13: RNF09 | B13: Segurança básica | C13: O ficheiro de dados não deve corromper mesmo em encerramento inesperado. | D13: Baixa | E13: Pendente
A14: Total de requisitos Não Funcionais (RNF) | E14: =COUNTA(A5:A13) -> 9
A16: Prioridade: Alta = obrigatório para a entrega | Média = importante mas não crítico | Baixa = nice-to-have

Sheet Resumo
A1: UFCD 10790 — Resumo do Levantamento de Requisitos
A2: Projeto: ___________________________ | Grupo: ___________ | Data: ___/___/______
A4: Indicador | B4: Funcionais (RF) | C4: Não Funcionais (RNF) | D4: Total
A5: Total de Requisitos | B5: ='Req. Funcionais (RF)'!E14 -> 9 | C5: ='Req. Não Funcionais (RNF)'!#REF! -> #REF! | D5: =B5+C5 -> #REF!
A6: Prioridade Alta | B6: =COUNTIF('Req. Funcionais (RF)'!E5:E13,"Alta") -> 0 | C6: =COUNTIF('Req. Não Funcionais (RNF)'!E5:E13,"Alta") -> 0 | D6: =B6+C6 -> 0
A7: Prioridade Média | B7: =COUNTIF('Req. Funcionais (RF)'!E5:E13,"Média") -> 0 | C7: =COUNTIF('Req. Não Funcionais (RNF)'!E5:E13,"Média") -> 0 | D7: =B7+C7 -> 0
A8: Prioridade Baixa | B8: =COUNTIF('Req. Funcionais (RF)'!E5:E13,"Baixa") -> 0 | C8: =COUNTIF('Req. Não Funcionais (RNF)'!E5:E13,"Baixa") -> 0 | D8: =B8+C8 -> 0
A9: Concluídos | B9: =COUNTIF('Req. Funcionais (RF)'!#REF!,"Concluído") -> #REF! | C9: =COUNTIF('Req. Não Funcionais (RNF)'!#REF!,"Concluído") -> #REF! | D9: =B9+C9 -> #REF!
A10: Pendentes | B10: =COUNTIF('Req. Funcionais (RF)'!#REF!,"Pendente") -> #REF! | C10: =COUNTIF('Req. Não Funcionais (RNF)'!#REF!,"Pendente") -> #REF! | D10: =B10+C10 -> #REF!
A11: Em curso | B11: =COUNTIF('Req. Funcionais (RF)'!#REF!,"Em curso") -> #REF! | C11: =COUNTIF('Req. Não Funcionais (RNF)'!#REF!,"Em curso") -> #REF! | D11: =B11+C11 -> #REF!
